{"step": ["Step 3"], "train_accuracy": [0.7297470569610596], "train_loss": [0.7545629739761353], "val_accuracy": [0.057851240038871765], "val_loss": [8.927397727966309], "test_accuracy": [null]}