{"step": ["Step 4"], "train_accuracy": [0.7813000082969666], "train_loss": [0.6249396204948425], "val_accuracy": [0.07438016682863235], "val_loss": [5.414244651794434], "test_accuracy": [null]}