{
    "step": "Step 1",
    "train_accuracy": 0.9583733677864075,
    "train_loss": 0.13935497403144836,
    "val_accuracy": 0.06611569970846176,
    "val_loss": 10.823330879211426
}